key,English,Arabic,Hindi,Malayalam,reviewer,status,comments
template.clinical.aPositive,A positive,فصيلة A موجب,ए पॉज़िटिव,എ പോസിറ്റീവ്,,Pending native review,
template.clinical.abPositive,AB positive,فصيلة AB موجب,एबी पॉज़िटिव,എബി പോസിറ്റീവ്,,Pending native review,
template.clinical.accident,Accident,حادث,दुर्घटना,അപകടം,,Pending native review,
template.clinical.actionable,Today's actionable care,الرعاية المطلوبة,आवश्यक देखभाल,ചെയ്യേണ്ട പരിചരണം,,Pending native review,
template.clinical.active,Active,نشط,सक्रिय,സജീവം,,Pending native review,
template.clinical.add,Add,إضافة,जोड़ें,ചേർക്കുക,,Pending native review,
template.clinical.addAddresses,Add address,إضافة عنوان,पता जोड़ें,വിലാസം ചേർക്കുക,,Pending native review,
template.clinical.addCommunications,Add communication preference,إضافة تفضيل تواصل,संचार प्राथमिकता जोड़ें,ആശയവിനിമയ മുൻഗണന ചേർക്കുക,,Pending native review,
template.clinical.addConsents,Add consent record,إضافة سجل موافقة,सहमति रिकॉर्ड जोड़ें,സമ്മത രേഖ ചേർക്കുക,,Pending native review,
template.clinical.addDisabilities,Add disability detail,إضافة تفاصيل إعاقة,विकलांगता का विवरण जोड़ें,വൈകല്യ വിവരം ചേർക്കുക,,Pending native review,
template.clinical.addDocuments,Add document,إضافة وثيقة,दस्तावेज़ जोड़ें,രേഖ ചേർക്കുക,,Pending native review,
template.clinical.addEmail,Add email address,إضافة بريد إلكتروني,ईमेल पता जोड़ें,ഇമെയിൽ വിലാസം ചേർക്കുക,,Pending native review,
template.clinical.addIdentifiers,Add ID document,إضافة وثيقة هوية,पहचान दस्तावेज़ जोड़ें,തിരിച്ചറിയൽ രേഖ ചേർക്കുക,,Pending native review,
template.clinical.addInsurances,Add insurance policy,إضافة وثيقة تأمين,बीमा पॉलिसी जोड़ें,ഇൻഷുറൻസ് പോളിസി ചേർക്കുക,,Pending native review,
template.clinical.addNames,Add another name,إضافة اسم آخر,एक और नाम जोड़ें,മറ്റൊരു പേര് ചേർക്കുക,,Pending native review,
template.clinical.addPhone,Add phone number,إضافة رقم هاتف,फ़ोन नंबर जोड़ें,ഫോൺ നമ്പർ ചേർക്കുക,,Pending native review,
template.clinical.addRelated,Add related person,إضافة شخص ذي صلة,संबंधित व्यक्ति जोड़ें,ബന്ധപ്പെട്ട വ്യക്തിയെ ചേർക്കുക,,Pending native review,
template.clinical.additionalDetails,Additional details,تفاصيل إضافية,अतिरिक्त विवरण,കൂടുതൽ വിവരങ്ങൾ,,Pending native review,
template.clinical.address,Address,العنوان,पता,വിലാസം,,Pending native review,
template.clinical.addressType,Address type,نوع العنوان,पते का प्रकार,വിലാസത്തിന്റെ തരം,,Pending native review,
template.clinical.addresses,Addresses,العناوين,पते,വിലാസങ്ങൾ,,Pending native review,
template.clinical.age,Age,العمر,आयु,പ്രായം,,Pending native review,
template.clinical.ageRelated,Age-related,مرتبط بالعمر,आयु से संबंधित,പ്രായവുമായി ബന്ധപ്പെട്ടത്,,Pending native review,
template.clinical.alias,Alias,اسم مستعار,उपनाम,അപരനാമം,,Pending native review,
template.clinical.apiSource,API,واجهة برمجة التطبيقات,एपीआई,എപിഐ,,Pending native review,
template.clinical.appointment,Appointment,موعد,अपॉइंटमेंट,അപ്പോയിന്റ്മെന്റ്,,Pending native review,
template.clinical.appointments,Upcoming appointments,المواعيد القادمة,आगामी अपॉइंटमेंट,വരാനിരിക്കുന്ന അപ്പോയിന്റ്മെന്റുകൾ,,Pending native review,
template.clinical.ar,Arabic,العربية,अरबी,അറബിക്,,Pending native review,
template.clinical.asc,Ascending,تصاعدي,आरोही,ആരോഹണം,,Pending native review,
template.clinical.attending,Attending,الطبيب المعالج,उपचार करने वाला चिकित्सक,ചികിത്സിക്കുന്ന ഡോക്ടർ,,Pending native review,
template.clinical.bPositive,B positive,فصيلة B موجب,बी पॉज़िटिव,ബി പോസിറ്റീവ്,,Pending native review,
template.clinical.backSearch,Back to search,العودة إلى البحث,खोज पर वापस जाएँ,തിരയലിലേക്ക് മടങ്ങുക,,Pending native review,
template.clinical.billing,Billing,الفوترة,बिलिंग,ബില്ലിംഗ്,,Pending native review,
template.clinical.birthCountry,Birth country,بلد الميلاد,जन्म का देश,ജനിച്ച രാജ്യം,,Pending native review,
template.clinical.birthDate,Date of birth,تاريخ الميلاد,जन्म तिथि,ജനന തീയതി,,Pending native review,
template.clinical.birthPlace,Birth place,مكان الميلاد,जन्म स्थान,ജനനസ്ഥലം,,Pending native review,
template.clinical.birthTime,Birth time,وقت الولادة,जन्म का समय,ജനന സമയം,,Pending native review,
template.clinical.bloodGroup,Blood group,فصيلة الدم,रक्त समूह,രക്തഗ്രൂപ്പ്,,Pending native review,
template.clinical.bloodVerified,Blood group verified,تم التحقق من فصيلة الدم,रक्त समूह सत्यापित,രക്തഗ്രൂപ്പ് സ്ഥിരീകരിച്ചു,,Pending native review,
template.clinical.book,Book,حجز,बुक करें,ബുക്ക് ചെയ്യുക,,Pending native review,
template.clinical.branch,Branch,الفرع,शाखा,ശാഖ,,Pending native review,
template.clinical.branchMrn,Branch MRN,رقم السجل الطبي للفرع,शाखा MRN,ശാഖയിലെ MRN,,Pending native review,
template.clinical.byBirth,By Birth,منذ الولادة,जन्म से,ജനനം മുതൽ,,Pending native review,
template.clinical.callCenter,Call Center,مركز الاتصال,कॉल सेंटर,കോൾ സെന്റർ,,Pending native review,
template.clinical.cards,Cards,بطاقات,कार्ड,കാർഡുകൾ,,Pending native review,
template.clinical.careDemo,Create a demo appointment or encounter. Times use UTC; no real care or notification is triggered.,إنشاء موعد أو زيارة تجريبية. الأوقات بالتوقيت العالمي؛ لا تُنفذ رعاية حقيقية أو إشعارات.,डेमो अपॉइंटमेंट या मुलाकात बनाएँ। समय UTC में है; वास्तविक देखभाल या सूचना नहीं भेजी जाती।,ഡെമോ അപ്പോയിന്റ്മെന്റോ സന്ദർശനമോ സൃഷ്ടിക്കുക. സമയം UTC ആണ്; യഥാർത്ഥ പരിചരണമോ അറിയിപ്പോ ഉണ്ടാകില്ല.,,Pending native review,
template.clinical.careTeam,Care team,فريق الرعاية,देखभाल टीम,പരിചരണ സംഘം,,Pending native review,
template.clinical.case,Case,الحالة,केस,കേസ്,,Pending native review,
template.clinical.cause,Cause,السبب,कारण,കാരണം,,Pending native review,
template.clinical.channel,Channel,القناة,चैनल,ചാനൽ,,Pending native review,
template.clinical.checkEligibility,Check eligibility,التحقق من الأهلية,पात्रता जाँचें,അർഹത പരിശോധിക്കുക,,Pending native review,
template.clinical.city,City,المدينة,शहर,നഗരം,,Pending native review,
template.clinical.clear,Clear,مسح,साफ़ करें,മായ്ക്കുക,,Pending native review,
template.clinical.clinical,Clinical,سريري,नैदानिक,ക്ലിനിക്കൽ,,Pending native review,
template.clinical.clinicalNotes,Clinical notes,الملاحظات السريرية,नैदानिक टिप्पणियाँ,ക്ലിനിക്കൽ കുറിപ്പുകൾ,,Pending native review,
template.clinical.clinicalSnapshot,Clinical snapshot,ملخص سريري,नैदानिक सारांश,ക്ലിനിക്കൽ സംഗ്രഹം,,Pending native review,
template.clinical.collapseAll,Collapse all,طي الكل,सभी समेटें,എല്ലാം ചുരുക്കുക,,Pending native review,
template.clinical.collectionCommunications,Communication Preferences,تفضيلات التواصل,संचार प्राथमिकताएँ,ആശയവിനിമയ മുൻഗണനകൾ,,Pending native review,
template.clinical.collectionConsents,Consent Records,سجلات الموافقة,सहमति रिकॉर्ड,സമ്മത രേഖകൾ,,Pending native review,
template.clinical.collectionDisabilities,Disability Details,تفاصيل الإعاقة,विकलांगता का विवरण,വൈകല്യ വിവരങ്ങൾ,,Pending native review,
template.clinical.collectionDocuments,Document Copies,نسخ الوثائق,दस्तावेज़ों की प्रतियाँ,രേഖകളുടെ പകർപ്പുകൾ,,Pending native review,
template.clinical.collectionIdentifiers,Identity Documents,وثائق الهوية,पहचान दस्तावेज़,തിരിച്ചറിയൽ രേഖകൾ,,Pending native review,
template.clinical.collectionInsurances,Insurance Policies,وثائق التأمين,बीमा पॉलिसियाँ,ഇൻഷുറൻസ് പോളിസികൾ,,Pending native review,
template.clinical.collectionNames,Additional Names,أسماء إضافية,अतिरिक्त नाम,അധിക പേരുകൾ,,Pending native review,
template.clinical.collectionRelated,Related Persons,الأشخاص ذوو الصلة,संबंधित व्यक्ति,ബന്ധപ്പെട്ട വ്യക്തികൾ,,Pending native review,
template.clinical.columns,Columns,الأعمدة,कॉलम,നിരകൾ,,Pending native review,
template.clinical.communications,Communications,تفضيلات التواصل,संचार प्राथमिकताएँ,ആശയവിനിമയ മുൻഗണനകൾ,,Pending native review,
template.clinical.completeCount,{count} of {total} sections complete,اكتمل {count} من {total} أقسام,{total} में से {count} अनुभाग पूरे,{total} വിഭാഗങ്ങളിൽ {count} പൂർത്തിയായി,,Pending native review,
template.clinical.completion,Completion,الاكتمال,पूर्णता,പൂർത്തീകരണം,,Pending native review,
template.clinical.confirm,Confirm,تأكيد,पुष्टि करें,സ്ഥിരീകരിക്കുക,,Pending native review,
template.clinical.conflict,The patient record changed. Review the latest version.,تغير سجل المريض. راجع أحدث نسخة.,रोगी रिकॉर्ड बदल गया है। नवीनतम संस्करण की समीक्षा करें।,രോഗിയുടെ രേഖ മാറിയിട്ടുണ്ട്. ഏറ്റവും പുതിയ പതിപ്പ് പരിശോധിക്കുക.,,Pending native review,
template.clinical.consent,Consent,الموافقة,सहमति,സമ്മതം,,Pending native review,
template.clinical.consentCount,{count} consents,{count} موافقات,{count} सहमतियाँ,{count} സമ്മതങ്ങൾ,,Pending native review,
template.clinical.consentText,Consent text,نص الموافقة,सहमति का पाठ,സമ്മതപത്രത്തിന്റെ ഉള്ളടക്കം,,Pending native review,
template.clinical.consentType,Consent type,نوع الموافقة,सहमति का प्रकार,സമ്മതത്തിന്റെ തരം,,Pending native review,
template.clinical.consentVersion,Consent version,إصدار الموافقة,सहमति संस्करण,സമ്മതത്തിന്റെ പതിപ്പ്,,Pending native review,
template.clinical.consents,Consents,الموافقات,सहमतियाँ,സമ്മതങ്ങൾ,,Pending native review,
template.clinical.contact,Contact,جهة الاتصال,संपर्क,ബന്ധപ്പെടാനുള്ള വ്യക്തി,,Pending native review,
template.clinical.contactCategory,Contact type,نوع الاتصال,संपर्क का प्रकार,ബന്ധപ്പെടൽ തരം,,Pending native review,
template.clinical.contactTime,Contact time,وقت التواصل,संपर्क का समय,ബന്ധപ്പെടാനുള്ള സമയം,,Pending native review,
template.clinical.contactType,Contact type,نوع التواصل,संपर्क का प्रकार,ബന്ധപ്പെടാനുള്ള മാർഗം,,Pending native review,
template.clinical.contacts,Contacts,جهات الاتصال,संपर्क,ബന്ധപ്പെടാനുള്ള വിവരങ്ങൾ,,Pending native review,
template.clinical.corporate,Corporate,شركة,कंपनी,കമ്പനി,,Pending native review,
template.clinical.country,Country,الدولة,देश,രാജ്യം,,Pending native review,
template.clinical.countryCode,Country code,رمز البلد,देश कोड,രാജ്യ കോഡ്,,Pending native review,
template.clinical.createPatient,Create patient,إنشاء سجل مريض,रोगी बनाएँ,രോഗിയുടെ രേഖ സൃഷ്ടിക്കുക,,Pending native review,
template.clinical.dataSharing,Data sharing,مشاركة البيانات,डेटा साझा करना,ഡാറ്റ പങ്കിടൽ,,Pending native review,
template.clinical.date,Date,التاريخ,तिथि,തീയതി,,Pending native review,
template.clinical.days,Days,أيام,दिन,ദിവസം,,Pending native review,
template.clinical.deathCertificate,Death Certificate,شهادة وفاة,मृत्यु प्रमाणपत्र,മരണ സർട്ടിഫിക്കറ്റ്,,Pending native review,
template.clinical.deathDate,Death date,تاريخ الوفاة,मृत्यु की तारीख,മരണ തീയതി,,Pending native review,
template.clinical.deathVerification,Verification,التحقق,सत्यापन,സ്ഥിരീകരണം,,Pending native review,
template.clinical.deceased,Deceased,متوفى,मृतक,മരണപ്പെട്ടു,,Pending native review,
template.clinical.deceasedStatus,Deceased status,حالة الوفاة,मृत्यु की स्थिति,മരണ നില,,Pending native review,
template.clinical.decision,Decision,القرار,निर्णय,തീരുമാനം,,Pending native review,
template.clinical.declined,Declined,مرفوض,अस्वीकृत,നിരസിച്ചു,,Pending native review,
template.clinical.demoInvoice,Demonstration invoice; no financial posting,فاتورة تجريبية؛ دون ترحيل مالي,डेमो चालान; कोई वित्तीय प्रविष्टि नहीं,ഡെമോ ഇൻവോയ്സ്; സാമ്പത്തിക പോസ്റ്റിംഗ് ഇല്ല,,Pending native review,
template.clinical.demoNotice,Fictional patient data from the demo API. Changes are saved only in this isolated clinical demo.,بيانات مرضى وهمية من الواجهة التجريبية. تُحفظ التغييرات في هذا المثال السريري المعزول فقط.,डेमो API से काल्पनिक रोगी डेटा। बदलाव केवल इस अलग नैदानिक डेमो में सहेजे जाते हैं।,ഡെമോ API-യിൽ നിന്നുള്ള സാങ്കൽപ്പിക രോഗിവിവരങ്ങൾ. മാറ്റങ്ങൾ ഈ വേർതിരിച്ച ക്ലിനിക്കൽ ഡെമോയിൽ മാത്രം സംരക്ഷിക്കും.,,Pending native review,
template.clinical.demoOrder,Demonstration order; no real test requested,طلب تجريبي؛ لم يُطلب فحص حقيقي,डेमो आदेश; कोई वास्तविक जाँच नहीं माँगी गई,ഡെമോ ഓർഡർ; യഥാർത്ഥ പരിശോധന ആവശ്യപ്പെട്ടിട്ടില്ല,,Pending native review,
template.clinical.demoPrescription,Demonstration pharmacy request,طلب صيدلية تجريبي,डेमो फ़ार्मेसी अनुरोध,ഡെമോ ഫാർമസി അഭ്യർത്ഥന,,Pending native review,
template.clinical.demoRecord,Demo patient record,سجل مريض تجريبي,डेमो रोगी रिकॉर्ड,ഡെമോ രോഗി റെക്കോർഡ്,,Pending native review,
template.clinical.demographics,Demographics,البيانات الديموغرافية,जनसांख्यिकीय विवरण,ജനസംഖ്യാശാസ്ത്ര വിവരങ്ങൾ,,Pending native review,
template.clinical.denied,You do not have permission to change clinical demo records.,ليس لديك إذن لتغيير سجلات المرضى التجريبية.,आपको नैदानिक डेमो रिकॉर्ड बदलने की अनुमति नहीं है।,ക്ലിനിക്കൽ ഡെമോ രേഖകൾ മാറ്റാൻ നിങ്ങൾക്ക് അനുമതിയില്ല.,,Pending native review,
template.clinical.desc,Descending,تنازلي,अवरोही,അവരോഹണം,,Pending native review,
template.clinical.description,Description,الوصف,विवरण,വിവരണം,,Pending native review,
template.clinical.disabilities,Disabilities,الإعاقات,दिव्यांगताएँ,വൈകല്യങ്ങൾ,,Pending native review,
template.clinical.discard,Discard,تجاهل,छोड़ें,ഉപേക്ഷിക്കുക,,Pending native review,
template.clinical.dobPrecision,Date of birth precision,دقة تاريخ الميلاد,जन्मतिथि की सटीकता,ജനനത്തീയതിയുടെ കൃത്യത,,Pending native review,
template.clinical.documentCount,{count} documents,{count} مستندات,{count} दस्तावेज़,{count} രേഖകൾ,,Pending native review,
template.clinical.documentNote,This demo stores document descriptions and filenames; it does not upload file contents.,يحفظ المثال أوصاف المستندات وأسماء الملفات فقط، دون رفع محتوياتها.,यह डेमो दस्तावेज़ विवरण और फ़ाइल नाम रखता है; फ़ाइल सामग्री अपलोड नहीं करता।,ഈ ഡെമോ രേഖാവിവരണങ്ങളും ഫയൽ പേരുകളും സൂക്ഷിക്കുന്നു; ഫയലുകളുടെ ഉള്ളടക്കം അപ്‌ലോഡ് ചെയ്യുന്നില്ല.,,Pending native review,
template.clinical.documentType,Document type,نوع المستند,दस्तावेज़ का प्रकार,രേഖയുടെ തരം,,Pending native review,
template.clinical.documents,Documents,المستندات,दस्तावेज़,പ്രമാണങ്ങൾ,,Pending native review,
template.clinical.dr,Dr,دكتور,डॉ.,ഡോ.,,Pending native review,
template.clinical.draftRecord,Draft — not yet saved,مسودة — لم تُحفظ بعد,ड्राफ़्ट — अभी सहेजा नहीं गया,ഡ്രാഫ്റ്റ് — ഇതുവരെ സേവ് ചെയ്തിട്ടില്ല,,Pending native review,
template.clinical.drawer,Drawer,لوحة جانبية,पार्श्व पैनल,വശത്തെ പാനൽ,,Pending native review,
template.clinical.duplicate,This identity document already belongs to a patient.,وثيقة الهوية هذه مرتبطة بمريض بالفعل.,यह पहचान दस्तावेज़ पहले से किसी रोगी का है।,ഈ തിരിച്ചറിയൽ രേഖ ഇതിനകം ഒരു രോഗിയുടേതാണ്.,,Pending native review,
template.clinical.edit,Edit,تحرير,संपादित करें,തിരുത്തുക,,Pending native review,
template.clinical.editRecord,Edit record,تعديل السجل,रिकॉर्ड संपादित करें,റെക്കോർഡ് തിരുത്തുക,,Pending native review,
template.clinical.educationLevel,Education level,المستوى التعليمي,शिक्षा स्तर,വിദ്യാഭ്യാസ നില,,Pending native review,
template.clinical.eligibility,Insurance eligibility,أهلية التأمين,बीमा पात्रता,ഇൻഷുറൻസ് അർഹത,,Pending native review,
template.clinical.eligibilityHelp,Save the patient first. This demo checks the saved policy expiry only; it does not contact an insurer or authorize treatment.,احفظ المريض أولاً. يتحقق المثال من انتهاء الوثيقة المحفوظة فقط؛ لا يتصل بشركة التأمين أو يجيز العلاج.,पहले रोगी सहेजें। यह डेमो केवल सहेजी गई पॉलिसी की समाप्ति जाँचता है; बीमाकर्ता से संपर्क या उपचार की अनुमति नहीं देता।,ആദ്യം രോഗിയുടെ രേഖ സംരക്ഷിക്കുക. ഈ ഡെമോ സംരക്ഷിച്ച പോളിസിയുടെ കാലാവധി മാത്രം പരിശോധിക്കുന്നു; ഇൻഷുറൻസ് സ്ഥാപനത്തെ ബന്ധപ്പെടുകയോ ചികിത്സയ്ക്ക് അംഗീകാരം നൽകുകയോ ചെയ്യുന്നില്ല.,,Pending native review,
template.clinical.eligible,Eligible,مؤهل,पात्र,അർഹതയുണ്ട്,,Pending native review,
template.clinical.email,Email,البريد الإلكتروني,ईमेल,ഇമെയിൽ,,Pending native review,
template.clinical.emailAddresses,Email addresses,عناوين البريد الإلكتروني,ईमेल पते,ഇമെയിൽ വിലാസങ്ങൾ,,Pending native review,
template.clinical.emergency,Emergency,الطوارئ,आपातकाल,അത്യാഹിതം,,Pending native review,
template.clinical.emergencyName,Emergency name,اسم جهة اتصال الطوارئ,आपातकालीन संपर्क का नाम,അടിയന്തര ബന്ധപ്പെടേണ്ടയാളുടെ പേര്,,Pending native review,
template.clinical.emergencyPhone,Emergency phone,هاتف الطوارئ,आपातकालीन फ़ोन,അടിയന്തര ഫോൺ,,Pending native review,
template.clinical.emergencyRelation,Emergency relation,صلة القرابة للطوارئ,आपातकालीन संपर्क से संबंध,അടിയന്തര ബന്ധപ്പെടേണ്ടയാളുമായുള്ള ബന്ധം,,Pending native review,
template.clinical.employer,Employer,جهة العمل,नियोक्ता,തൊഴിലുടമ,,Pending native review,
template.clinical.en,English,الإنجليزية,अंग्रेज़ी,ഇംഗ്ലീഷ്,,Pending native review,
template.clinical.encounter,Encounter,الزيارة,मुलाकात,ചികിത്സാ സന്ദർശനം,,Pending native review,
template.clinical.encounters,Active encounters,الزيارات النشطة,सक्रिय मुलाकातें,സജീവ സന്ദർശനങ്ങൾ,,Pending native review,
template.clinical.enterBirthDate,Enter date of birth,أدخل تاريخ الميلاد,जन्म तिथि दर्ज करें,ജനന തീയതി നൽകുക,,Pending native review,
template.clinical.episode,Episode,حلقة الرعاية,देखभाल प्रकरण,പരിചരണ ഘട്ടം,,Pending native review,
template.clinical.episodes,Active episodes of care,نوبات الرعاية,देखभाल प्रकरण,പരിചരണ ഘട്ടങ്ങൾ,,Pending native review,
template.clinical.estimated,Estimated,تقديري,अनुमानित,ഏകദേശമായത്,,Pending native review,
template.clinical.ethnicity,Ethnicity,الأصل العرقي,जातीयता,വംശീയ പശ്ചാത്തലം,,Pending native review,
template.clinical.exact,Exact,دقيق,सटीक,കൃത്യമായത്,,Pending native review,
template.clinical.expand,Expand,توسيع,विस्तार करें,വികസിപ്പിക്കുക,,Pending native review,
template.clinical.expandAll,Expand all,توسيع الكل,सभी विस्तार करें,എല്ലാം വികസിപ്പിക്കുക,,Pending native review,
template.clinical.expired,Expired,منتهي الصلاحية,समाप्त,കാലാവധി കഴിഞ്ഞു,,Pending native review,
template.clinical.expiry,Expiry,انتهاء الصلاحية,समाप्ति,കാലാവധി,,Pending native review,
template.clinical.export,Export,تصدير,निर्यात करें,കയറ്റുമതി ചെയ്യുക,,Pending native review,
template.clinical.exportNotice,"This CSV includes patient names, MRNs, birth dates and contact details. The demo API records the export. Continue?",يتضمن CSV أسماء المرضى وأرقام ملفاتهم وتواريخ الميلاد وبيانات الاتصال. تسجل الواجهة التجريبية عملية التصدير. هل تريد المتابعة؟,"इस CSV में रोगियों के नाम, MRN, जन्मतिथि और संपर्क विवरण हैं। डेमो API निर्यात दर्ज करती है। जारी रखें?","ഈ CSV-യിൽ രോഗികളുടെ പേരുകൾ, MRN, ജനനത്തീയതി, ബന്ധപ്പെടൽ വിവരങ്ങൾ എന്നിവയുണ്ട്. ഡെമോ API കയറ്റുമതി രേഖപ്പെടുത്തും. തുടരണോ?",,Pending native review,
template.clinical.familyReport,Family Report,إفادة الأسرة,परिवार की सूचना,കുടുംബത്തിന്റെ വിവരം,,Pending native review,
template.clinical.female,Female,أنثى,महिला,സ്ത്രീ,,Pending native review,
template.clinical.fileName,File name,اسم الملف,फ़ाइल का नाम,ഫയലിന്റെ പേര്,,Pending native review,
template.clinical.fileSizeBytes,File size (bytes),حجم الملف (بايت),फ़ाइल का आकार (बाइट),ഫയൽ വലുപ്പം (ബൈറ്റുകൾ),,Pending native review,
template.clinical.filters,Filters,عوامل التصفية,फ़िल्टर,ഫിൽട്ടറുകൾ,,Pending native review,
template.clinical.firstName,First name,الاسم الأول,पहला नाम,ആദ്യ പേര്,,Pending native review,
template.clinical.followUp,Follow up,متابعة,अनुवर्ती जाँच,തുടർ പരിശോധന,,Pending native review,
template.clinical.fr,French,الفرنسية,फ़्रेंच,ഫ്രഞ്ച്,,Pending native review,
template.clinical.frontDesk,Front Desk,الاستقبال,रिसेप्शन,റിസപ്ഷൻ,,Pending native review,
template.clinical.gender,Gender,الجنس,लिंग,ലിംഗം,,Pending native review,
template.clinical.general,General,عام,सामान्य,പൊതുവായത്,,Pending native review,
template.clinical.givenBy,Given by,مقدم الموافقة,सहमति देने वाला,സമ്മതം നൽകിയയാൾ,,Pending native review,
template.clinical.granted,Granted,ممنوح,स्वीकृत,അനുവദിച്ചു,,Pending native review,
template.clinical.guardian,Guardian,الوصي,अभिभावक,രക്ഷാകർത്താവ്,,Pending native review,
template.clinical.guideApi,Pass a ClinicalTemplateAdapter to ClinicalPatientWorkspace. The demo adapter uses the authenticated clinical-templates endpoint; business data and form metadata come from the API.,مرر ClinicalTemplateAdapter إلى ClinicalPatientWorkspace. يستخدم المحول التجريبي نقطة clinical-templates المصادق عليها؛ تأتي البيانات وإعدادات النموذج من API.,ClinicalPatientWorkspace को ClinicalTemplateAdapter दें। डेमो एडाप्टर प्रमाणित clinical-templates एंडपॉइंट उपयोग करता है; डेटा और फ़ॉर्म मेटाडेटा API से आते हैं।,ClinicalPatientWorkspace-ന് ClinicalTemplateAdapter നൽകുക. ഡെമോ അഡാപ്റ്റർ അംഗീകൃത clinical-templates എൻഡ്പോയിന്റ് ഉപയോഗിക്കുന്നു; വിവരങ്ങളും ഫോം മെറ്റാഡാറ്റയും API-യിൽ നിന്നാണ്.,,Pending native review,
template.clinical.guideComponents,"Shared cards, fields, tables, tabs, drawers, dialogs and date/time controls compose the three patient pages.",تكوّن البطاقات والحقول والجداول والتبويبات واللوحات والحوارات وضوابط التاريخ والوقت المشتركة صفحات المرضى الثلاث.,"साझा कार्ड, फ़ील्ड, तालिकाएँ, टैब, पैनल, संवाद और दिनांक/समय नियंत्रण तीनों रोगी पृष्ठ बनाते हैं।","പങ്കിട്ട കാർഡുകൾ, ഫീൽഡുകൾ, പട്ടികകൾ, ടാബുകൾ, പാനലുകൾ, ഡയലോഗുകൾ, തീയതി/സമയ നിയന്ത്രണങ്ങൾ എന്നിവയാണ് മൂന്ന് രോഗി പേജുകളും നിർമ്മിക്കുന്നത്.",,Pending native review,
template.clinical.guideFlow,"Search patients, inspect quick details, then open their record or Patient 360. Navigation retains patient identity.",ابحث عن المرضى واعرض تفاصيلهم السريعة، ثم افتح سجلهم أو النظرة الشاملة. يحافظ التنقل على هوية المريض.,"रोगी खोजें, त्वरित विवरण देखें, फिर रिकॉर्ड या समग्र विवरण खोलें। नेविगेशन रोगी की पहचान बनाए रखता है।","രോഗികളെ തിരയുക, ദ്രുത വിവരങ്ങൾ പരിശോധിക്കുക, തുടർന്ന് രേഖയോ സമഗ്ര കാഴ്ചയോ തുറക്കുക. നാവിഗേഷനിൽ രോഗിയുടെ തിരിച്ചറിയൽ നിലനിർത്തുന്നു.",,Pending native review,
template.clinical.guideLimits,"Demo care data is fictional. Production clinical decisions, eligibility, file storage and notifications require authorized domain services. Unsaved values stay in memory; no sensitive drafts are silently persisted.",بيانات الرعاية التجريبية وهمية. تتطلب القرارات السريرية والأهلية وتخزين الملفات والإشعارات خدمات معتمدة. تبقى القيم غير المحفوظة في الذاكرة؛ لا تُحفظ مسودات حساسة تلقائياً.,"डेमो देखभाल डेटा काल्पनिक है। वास्तविक नैदानिक निर्णय, पात्रता, फ़ाइल भंडारण और सूचनाओं के लिए अधिकृत सेवाएँ चाहिए। असहेजे मान मेमोरी में रहते हैं; संवेदनशील ड्राफ़्ट स्वतः नहीं सहेजे जाते।","ഡെമോ പരിചരണ വിവരങ്ങൾ സാങ്കൽപ്പികമാണ്. യഥാർത്ഥ ക്ലിനിക്കൽ തീരുമാനങ്ങൾ, അർഹത, ഫയൽ സംഭരണം, അറിയിപ്പുകൾ എന്നിവയ്ക്ക് അംഗീകൃത സേവനങ്ങൾ വേണം. സംരക്ഷിക്കാത്ത മൂല്യങ്ങൾ മെമ്മറിയിൽ തുടരും; രഹസ്യ ഡ്രാഫ്റ്റുകൾ സ്വയം സൂക്ഷിക്കില്ല.",,Pending native review,
template.clinical.guidePreferences,"The shared shell supplies language, direction, theme, font, density, formatting and form navigation preferences. Preview controls do not change tenant policy.",يوفر الإطار المشترك اللغة والاتجاه والمظهر والخط والكثافة والتنسيق وتفضيلات التنقل. لا تغيّر أدوات المعاينة سياسة المستأجر.,"साझा शेल भाषा, दिशा, थीम, फ़ॉन्ट, घनत्व, प्रारूप और फ़ॉर्म नेविगेशन प्राथमिकताएँ देता है। पूर्वावलोकन नियंत्रण टेनेंट नीति नहीं बदलते।","പങ്കിട്ട ഷെൽ ഭാഷ, ദിശ, തീം, ഫോണ്ട്, സാന്ദ്രത, ഫോർമാറ്റിംഗ്, ഫോം നാവിഗേഷൻ മുൻഗണനകൾ നൽകുന്നു. പ്രിവ്യൂ നിയന്ത്രണങ്ങൾ ടെനന്റ് നയം മാറ്റുന്നില്ല.",,Pending native review,
template.clinical.guideSave,"Saves validate fields and identity duplicates, enforce record versions and reuse operation IDs for retries. Review the latest record explicitly after a conflict.",يتحقق الحفظ من الحقول وتكرار الهوية ونسخ السجل ويعيد استخدام معرّفات العمليات عند المحاولة مجدداً. راجع أحدث سجل صراحةً عند التعارض.,"सहेजते समय फ़ील्ड, दोहरी पहचान और रिकॉर्ड संस्करण जाँचे जाते हैं; पुनः प्रयास में वही ऑपरेशन ID उपयोग होती है। टकराव पर नवीनतम रिकॉर्ड की स्पष्ट समीक्षा करें।","സംരക്ഷിക്കുമ്പോൾ ഫീൽഡുകൾ, ആവർത്തിച്ച തിരിച്ചറിയൽ, രേഖാപതിപ്പുകൾ എന്നിവ പരിശോധിക്കുന്നു; വീണ്ടും ശ്രമിക്കുമ്പോൾ അതേ പ്രവർത്തന ID ഉപയോഗിക്കുന്നു. വൈരുദ്ധ്യമുണ്ടെങ്കിൽ പുതിയ രേഖ വ്യക്തമായി പരിശോധിക്കുക.",,Pending native review,
template.clinical.hasDisability,Has disability,لديه إعاقة,दिव्यांगता है,വൈകല്യമുണ്ട്,,Pending native review,
template.clinical.hasInsurance,Has insurance,لديه تأمين,बीमा है,ഇൻഷുറൻസ് ഉണ്ട്,,Pending native review,
template.clinical.hi,Hindi,الهندية,हिन्दी,ഹിന്ദി,,Pending native review,
template.clinical.history,History,السجل,इतिहास,ചരിത്രം,,Pending native review,
template.clinical.home,Home,المنزل,घर,വീട്,,Pending native review,
template.clinical.hospitalRecord,Hospital Record,سجل المستشفى,अस्पताल का रिकॉर्ड,ആശുപത്രി രേഖ,,Pending native review,
template.clinical.identifiers,Identifiers,المعرّفات,पहचान विवरण,തിരിച്ചറിയൽ വിവരങ്ങൾ,,Pending native review,
template.clinical.identity,Identity,الهوية,पहचान,തിരിച്ചറിയൽ,,Pending native review,
template.clinical.identityType,Identity type,نوع الهوية,पहचान का प्रकार,തിരിച്ചറിയൽ രേഖയുടെ തരം,,Pending native review,
template.clinical.illness,Illness,مرض,बीमारी,രോഗം,,Pending native review,
template.clinical.importSource,Import,استيراد,आयात,ഇംപോർട്ട്,,Pending native review,
template.clinical.inProgress,In progress,قيد التنفيذ,प्रगति में,പുരോഗമിക്കുന്നു,,Pending native review,
template.clinical.inactive,Inactive,غير نشط,निष्क्रिय,നിഷ്ക്രിയം,,Pending native review,
template.clinical.incomeBracket,Income bracket,فئة الدخل,आय वर्ग,വരുമാന വിഭാഗം,,Pending native review,
template.clinical.india,India,الهند,भारत,ഇന്ത്യ,,Pending native review,
template.clinical.individual,Individual,فردي,व्यक्तिगत,വ്യക്തിഗതം,,Pending native review,
template.clinical.inline,Inline,داخل الصفحة,पृष्ठ के भीतर,പേജിനുള്ളിൽ,,Pending native review,
template.clinical.insurance,Insurance,التأمين,बीमा,ഇൻഷുറൻസ്,,Pending native review,
template.clinical.insuranceDisclosure,Insurance Disclosure,الإفصاح للتأمين,बीमा प्रकटीकरण,ഇൻഷുറൻസ് വിവര വെളിപ്പെടുത്തൽ,,Pending native review,
template.clinical.insuranceType,Insurance type,نوع التأمين,बीमा का प्रकार,ഇൻഷുറൻസിന്റെ തരം,,Pending native review,
template.clinical.insurances,Insurances,وثائق التأمين,बीमा पॉलिसियाँ,ഇൻഷുറൻസ് പോളിസികൾ,,Pending native review,
template.clinical.invalid,Check the patient fields and try again.,تحقق من حقول المريض وحاول مجدداً.,रोगी फ़ील्ड जाँचें और पुनः प्रयास करें।,രോഗിയുടെ ഫീൽഡുകൾ പരിശോധിച്ച് വീണ്ടും ശ്രമിക്കുക.,,Pending native review,
template.clinical.invoice,Invoice,فاتورة,चालान,ഇൻവോയ്സ്,,Pending native review,
template.clinical.issuedDate,Issued date,تاريخ الإصدار,जारी करने की तिथि,നൽകിയ തീയതി,,Pending native review,
template.clinical.issuingCountry,Issuing country,بلد الإصدار,जारी करने वाला देश,രേഖ നൽകിയ രാജ്യം,,Pending native review,
template.clinical.kiosk,Kiosk,جهاز الخدمة الذاتية,कियोस्क,കിയോസ്ക്,,Pending native review,
template.clinical.labPanel,Demo laboratory panel,مجموعة فحوص مختبرية تجريبية,डेमो प्रयोगशाला पैनल,ഡെമോ ലബോറട്ടറി പാനൽ,,Pending native review,
template.clinical.language,Language,اللغة,भाषा,ഭാഷ,,Pending native review,
template.clinical.lastName,Last name,اسم العائلة,उपनाम,കുടുംബപ്പേര്,,Pending native review,
template.clinical.layoutrail,Rail layout,تخطيط التنقل الجانبي,साइड नेविगेशन लेआउट,വശത്തെ നാവിഗേഷൻ ലേഔട്ട്,,Pending native review,
template.clinical.layouttabs,Tab layout,تخطيط علامات التبويب,टैब लेआउट,ടാബ് ലേഔട്ട്,,Pending native review,
template.clinical.layoutwizard,Wizard layout,تخطيط الخطوات,चरणबद्ध लेआउट,ഘട്ടങ്ങളായുള്ള ലേഔട്ട്,,Pending native review,
template.clinical.library,Clinical page templates,قوالب الصفحات السريرية,नैदानिक पृष्ठ टेम्पलेट,ക്ലിനിക്കൽ പേജ് ടെംപ്ലേറ്റുകൾ,,Pending native review,
template.clinical.line1,Address line 1,سطر العنوان الأول,पते की पहली पंक्ति,വിലാസത്തിന്റെ ആദ്യ വരി,,Pending native review,
template.clinical.line2,Address line 2,سطر العنوان الثاني,पते की दूसरी पंक्ति,വിലാസത്തിന്റെ രണ്ടാം വരി,,Pending native review,
template.clinical.local,Local,محلي,स्थानीय,പ്രാദേശികം,,Pending native review,
template.clinical.localScript,Local script,الكتابة المحلية,स्थानीय लिपि,പ്രാദേശിക ലിപി,,Pending native review,
template.clinical.location,Location,الموقع,स्थान,സ്ഥലം,,Pending native review,
template.clinical.maiden,Maiden,اسم العائلة قبل الزواج,विवाहपूर्व उपनाम,വിവാഹത്തിന് മുമ്പുള്ള കുടുംബപ്പേര്,,Pending native review,
template.clinical.main,Main,الفرع الرئيسي,मुख्य शाखा,പ്രധാന ശാഖ,,Pending native review,
template.clinical.male,Male,ذكر,पुरुष,പുരുഷൻ,,Pending native review,
template.clinical.maritalStatus,Marital status,الحالة الاجتماعية,वैवाहिक स्थिति,വൈവാഹിക നില,,Pending native review,
template.clinical.marketing,Marketing,التسويق,विपणन,വിപണനം,,Pending native review,
template.clinical.marketingAllowed,Marketing allowed,السماح بالتسويق,विपणन की अनुमति,വിപണനത്തിന് അനുമതി,,Pending native review,
template.clinical.married,Married,متزوج,विवाहित,വിവാഹിതർ,,Pending native review,
template.clinical.memberNumber,Member number,رقم العضوية,सदस्य संख्या,അംഗത്വ നമ്പർ,,Pending native review,
template.clinical.middleName,Middle name,الاسم الأوسط,मध्य नाम,മധ്യനാമം,,Pending native review,
template.clinical.mimeType,File type,نوع الملف,फ़ाइल का प्रकार,ഫയൽ തരം,,Pending native review,
template.clinical.ml,Malayalam,المالايالامية,मलयालम,മലയാളം,,Pending native review,
template.clinical.mobile,Mobile,الجوال,मोबाइल,മൊബൈൽ,,Pending native review,
template.clinical.mobileApp,Mobile App,تطبيق الهاتف,मोबाइल ऐप,മൊബൈൽ ആപ്പ്,,Pending native review,
template.clinical.modal,Modal,نافذة حوار,संवाद विंडो,ഡയലോഗ് വിൻഡോ,,Pending native review,
template.clinical.months,Months,أشهر,महीने,മാസം,,Pending native review,
template.clinical.mr,Mr,السيد,श्री,ശ്രീ,,Pending native review,
template.clinical.mrn,MRN,MRN,MRN,MRN,,Pending native review,
template.clinical.mrnAutomatic,Auto-generated on save. The system will assign a permanent MRN once this record is created. No manual entry is required.,يُنشأ تلقائيًا عند الحفظ. سيخصص النظام رقم سجل طبي دائمًا عند إنشاء السجل. لا يلزم إدخاله يدويًا.,सहेजने पर अपने आप बनता है। रिकॉर्ड बनते ही सिस्टम स्थायी MRN देगा। इसे हाथ से दर्ज करने की आवश्यकता नहीं है।,സേവ് ചെയ്യുമ്പോൾ സ്വയം സൃഷ്ടിക്കും. റെക്കോർഡ് സൃഷ്ടിച്ചാൽ സിസ്റ്റം സ്ഥിരമായ MRN നൽകും. നേരിട്ട് നൽകേണ്ടതില്ല.,,Pending native review,
template.clinical.mrnPending,MRN pending,رقم الملف الطبي قيد الإنشاء,चिकित्सा रिकॉर्ड संख्या लंबित,മെഡിക്കൽ റെക്കോർഡ് നമ്പർ ലഭിക്കാനുണ്ട്,,Pending native review,
template.clinical.ms,Ms,السيدة,सुश्री,ശ്രീമതി,,Pending native review,
template.clinical.name,Name,الاسم,नाम,പേര്,,Pending native review,
template.clinical.nameType,Name type,نوع الاسم,नाम का प्रकार,പേരിന്റെ തരം,,Pending native review,
template.clinical.names,Names,الأسماء,नाम,പേരുകൾ,,Pending native review,
template.clinical.nationalId,National id,الهوية الوطنية,राष्ट्रीय पहचान,ദേശീയ തിരിച്ചറിയൽ രേഖ,,Pending native review,
template.clinical.nationalIdType,National ID type,نوع الهوية الوطنية,राष्ट्रीय पहचान का प्रकार,ദേശീയ തിരിച്ചറിയൽ തരം,,Pending native review,
template.clinical.nationality,Nationality,الجنسية,राष्ट्रीयता,ദേശീയത,,Pending native review,
template.clinical.new,New,جديدة,नई,പുതിയത്,,Pending native review,
template.clinical.newPatient,New patient,مريض جديد,नया रोगी,പുതിയ രോഗി,,Pending native review,
template.clinical.no,No,لا,नहीं,ഇല്ല,,Pending native review,
template.clinical.noneRecorded,None recorded,لا توجد بيانات مسجلة,कुछ दर्ज नहीं है,ഒന്നും രേഖപ്പെടുത്തിയിട്ടില്ല,,Pending native review,
template.clinical.north,North,الفرع الشمالي,उत्तरी शाखा,വടക്കൻ ശാഖ,,Pending native review,
template.clinical.notFound,The patient record was not found.,لم يُعثر على سجل المريض.,रोगी रिकॉर्ड नहीं मिला।,രോഗിയുടെ രേഖ കണ്ടെത്തിയില്ല.,,Pending native review,
template.clinical.notRequired,Not Required,غير مطلوب,आवश्यक नहीं,ആവശ്യമില്ല,,Pending native review,
template.clinical.notStated,Not stated,غير مذكور,नहीं बताया गया,വ്യക്തമാക്കിയിട്ടില്ല,,Pending native review,
template.clinical.notes,Notes,ملاحظات,टिप्पणियाँ,കുറിപ്പുകൾ,,Pending native review,
template.clinical.oPositive,O positive,فصيلة O موجب,ओ पॉज़िटिव,ഒ പോസിറ്റീവ്,,Pending native review,
template.clinical.occupation,Occupation,المهنة,व्यवसाय,തൊഴിൽ,,Pending native review,
template.clinical.openRecord,Open record,فتح السجل,रिकॉर्ड खोलें,രേഖ തുറക്കുക,,Pending native review,
template.clinical.optedIn,Opted in,موافقة على التواصل,संपर्क की अनुमति,ബന്ധപ്പെടാൻ സമ്മതിച്ചു,,Pending native review,
template.clinical.order,Order,الطلب,ऑर्डर,ഓർഡർ,,Pending native review,
template.clinical.orders,Pending orders and requests,الطلبات المعلقة,लंबित आदेश और अनुरोध,തീർപ്പാകാത്ത ഓർഡറുകളും അഭ്യർത്ഥനകളും,,Pending native review,
template.clinical.other,Other,أخرى,अन्य,മറ്റുള്ളവ,,Pending native review,
template.clinical.outpatient,Outpatient,مريض خارجي,बाह्य रोगी,ഔട്ട്പേഷ്യന്റ്,,Pending native review,
template.clinical.overview,Patient 360,نظرة شاملة للمريض,रोगी का समग्र विवरण,രോഗിയുടെ സമഗ്ര വിവരങ്ങൾ,,Pending native review,
template.clinical.passport,Passport,جواز السفر,पासपोर्ट,പാസ്പോർട്ട്,,Pending native review,
template.clinical.patient,Patient,المريض,रोगी,രോഗി,,Pending native review,
template.clinical.patientPortal,Patient Portal,بوابة المريض,रोगी पोर्टल,രോഗി പോർട്ടൽ,,Pending native review,
template.clinical.payer,Payer,جهة الدفع,भुगतानकर्ता,പണം നൽകുന്നയാൾ,,Pending native review,
template.clinical.payerType,Payer type,نوع جهة الدفع,भुगतानकर्ता का प्रकार,പണം നൽകുന്നയാളുടെ തരം,,Pending native review,
template.clinical.pending,Pending,قيد الانتظار,लंबित,തീർപ്പാക്കാത്തത്,,Pending native review,
template.clinical.personal,Personal,المعلومات الشخصية,व्यक्तिगत जानकारी,വ്യക്തിഗത വിവരങ്ങൾ,,Pending native review,
template.clinical.pharmacy,Pharmacy,الصيدلية,फ़ार्मेसी,ഫാർമസി,,Pending native review,
template.clinical.phone,Phone,الهاتف,फ़ोन,ഫോൺ,,Pending native review,
template.clinical.photography,Photography / Imaging,التصوير,फ़ोटोग्राफ़ी / इमेजिंग,ഫോട്ടോഗ്രാഫി / ഇമേജിംഗ്,,Pending native review,
template.clinical.plan,Plan,الخطة,योजना,പദ്ധതി,,Pending native review,
template.clinical.policyNumber,Policy number,رقم الوثيقة,पॉलिसी संख्या,പോളിസി നമ്പർ,,Pending native review,
template.clinical.portal,Portal,البوابة,पोर्टल,പോർട്ടൽ,,Pending native review,
template.clinical.postalCode,Postal code,الرمز البريدي,डाक कोड,തപാൽ കോഡ്,,Pending native review,
template.clinical.preferredContact,Preferred contact,طريقة التواصل المفضلة,पसंदीदा संपर्क माध्यम,ഇഷ്ടപ്പെട്ട ബന്ധപ്പെടൽ മാർഗം,,Pending native review,
template.clinical.preferredLanguage,Preferred language,اللغة المفضلة,पसंदीदा भाषा,ഇഷ്ട ഭാഷ,,Pending native review,
template.clinical.preferredName,Preferred name,الاسم المفضل,पसंदीदा नाम,വിളിക്കേണ്ട പേര്,,Pending native review,
template.clinical.primary,Primary,أساسي,प्राथमिक,പ്രാഥമികം,,Pending native review,
template.clinical.privacyAccepted,Privacy consent,موافقة الخصوصية,गोपनीयता सहमति,സ്വകാര്യതയ്ക്കുള്ള സമ്മതം,,Pending native review,
template.clinical.procedure,Procedure,الإجراء,प्रक्रिया,നടപടി,,Pending native review,
template.clinical.provider,Provider,مقدم الرعاية,सेवा प्रदाता,പരിചരണ ദാതാവ്,,Pending native review,
template.clinical.purpose,Purpose,الغرض,उद्देश्य,ഉദ്ദേശ്യം,,Pending native review,
template.clinical.query,Patient Query,البحث عن المرضى,रोगी खोज,രോഗിയെ തിരയുക,,Pending native review,
template.clinical.queryHelp,"Find a patient, review their details, or continue to registration, booking and Patient 360.",ابحث عن مريض وراجع تفاصيله أو انتقل إلى التسجيل والحجز والنظرة الشاملة.,"रोगी खोजें, विवरण देखें या पंजीकरण, बुकिंग और समग्र विवरण पर जाएँ।","രോഗിയെ കണ്ടെത്തുക, വിവരങ്ങൾ പരിശോധിക്കുക, അല്ലെങ്കിൽ രജിസ്ട്രേഷൻ, ബുക്കിംഗ്, സമഗ്ര കാഴ്ചയിലേക്ക് തുടരുക.",,Pending native review,
template.clinical.quickActions,Quick actions,إجراءات سريعة,त्वरित कार्रवाइयाँ,ദ്രുത നടപടികൾ,,Pending native review,
template.clinical.quickView,Quick view,عرض سريع,त्वरित दृश्य,ദ്രുത കാഴ്ച,,Pending native review,
template.clinical.race,Race,العرق,वंश समूह,വംശം,,Pending native review,
template.clinical.read,Read,قراءة,पढ़ें,വായിക്കുക,,Pending native review,
template.clinical.readSummary,Read summary,قراءة الملخص,सारांश पढ़ें,സംഗ്രഹം വായിക്കുക,,Pending native review,
template.clinical.reading,Reading,وضع القراءة,पढ़ने का मोड,വായനാ മോഡ്,,Pending native review,
template.clinical.recent,Recent encounters,الأحدث,हाल के,സമീപകാലം,,Pending native review,
template.clinical.record,Patient Record,سجل المريض,रोगी रिकॉर्ड,രോഗിയുടെ രേഖ,,Pending native review,
template.clinical.recordSubAddress,Residential addresses and emergency contact,العناوين السكنية وجهة اتصال الطوارئ,आवासीय पते और आपातकालीन संपर्क,താമസ വിലാസങ്ങളും അടിയന്തര ബന്ധപ്പെടൽ വിവരങ്ങളും,,Pending native review,
template.clinical.recordSubClinical,"Blood group, deceased status, disability and vulnerability flags",فصيلة الدم وحالة الوفاة والإعاقة والحاجة إلى حماية إضافية,"रक्त समूह, मृत्यु, विकलांगता और अतिरिक्त सुरक्षा के संकेत","രക്തഗ്രൂപ്പ്, മരണ നില, വൈകല്യം, അധിക സംരക്ഷണ സൂചനകൾ",,Pending native review,
template.clinical.recordSubConsent,"Recorded consents, scope and provenance",الموافقات المسجلة ونطاقها ومصدرها,"दर्ज सहमति, दायरा और स्रोत","രേഖപ്പെടുത്തിയ സമ്മതങ്ങൾ, പരിധി, ഉറവിടം",,Pending native review,
template.clinical.recordSubContact,How and where the patient prefers to be reached,وسيلة الاتصال بالمريض ومكانها المفضلان,रोगी कैसे और कहाँ संपर्क पसंद करता है,"രോഗി എങ്ങനെ, എവിടെ ബന്ധപ്പെടാൻ ആഗ്രഹിക്കുന്നു",,Pending native review,
template.clinical.recordSubIdentity,"National identity, passports and other identity documents",الهوية الوطنية وجوازات السفر ووثائق الهوية الأخرى,"राष्ट्रीय पहचान, पासपोर्ट और अन्य पहचान दस्तावेज़","ദേശീയ തിരിച്ചറിയൽ, പാസ്‌പോർട്ട്, മറ്റു തിരിച്ചറിയൽ രേഖകൾ",,Pending native review,
template.clinical.recordSubInsurance,Coverage and payer information,معلومات التغطية وجهة الدفع,कवरेज और भुगतानकर्ता की जानकारी,പരിരക്ഷയും പണം നൽകുന്നയാളുടെ വിവരങ്ങളും,,Pending native review,
template.clinical.recordSubMrn,Unique lifetime identifier for this patient,معرّف فريد ودائم لهذا المريض,इस रोगी की आजीवन विशिष्ट पहचान,ഈ രോഗിക്കുള്ള ആജീവനാന്ത ഏകീകൃത തിരിച്ചറിയൽ,,Pending native review,
template.clinical.recordSubPersonal,Name and core demographic information,الاسم والبيانات الديموغرافية الأساسية,नाम और मूल जनसांख्यिकीय जानकारी,പേരും അടിസ്ഥാന ജനസംഖ്യാശാസ്ത്ര വിവരങ്ങളും,,Pending native review,
template.clinical.recordSubRegistration,Captured automatically by the system,يسجلها النظام تلقائيًا,सिस्टम द्वारा अपने आप दर्ज किया गया,സിസ്റ്റം സ്വയം രേഖപ്പെടുത്തുന്നു,,Pending native review,
template.clinical.recordTitleAddress,Address Details,بيانات العنوان,पते का विवरण,വിലാസ വിവരങ്ങൾ,,Pending native review,
template.clinical.recordTitleClinical,Clinical Demographic Basics,البيانات السريرية الأساسية,मूल नैदानिक विवरण,അടിസ്ഥാന ക്ലിനിക്കൽ വിവരങ്ങൾ,,Pending native review,
template.clinical.recordTitleConsent,Consent & Privacy,الموافقة والخصوصية,सहमति और गोपनीयता,സമ്മതവും സ്വകാര്യതയും,,Pending native review,
template.clinical.recordTitleContact,Contact Details,بيانات الاتصال,संपर्क विवरण,ബന്ധപ്പെടാനുള്ള വിവരങ്ങൾ,,Pending native review,
template.clinical.recordTitleIdentity,Identity & Legal Documents,وثائق الهوية والوثائق القانونية,पहचान और कानूनी दस्तावेज़,"തിരിച്ചറിയൽ, നിയമ രേഖകൾ",,Pending native review,
template.clinical.recordTitleInsurance,Insurance,التأمين,बीमा,ഇൻഷുറൻസ്,,Pending native review,
template.clinical.recordTitleMrn,Medical Record Number,رقم السجل الطبي,चिकित्सा रिकॉर्ड संख्या,മെഡിക്കൽ റെക്കോർഡ് നമ്പർ,,Pending native review,
template.clinical.recordTitlePersonal,Basic Personal Details,البيانات الشخصية الأساسية,मूल व्यक्तिगत विवरण,അടിസ്ഥാന വ്യക്തിഗത വിവരങ്ങൾ,,Pending native review,
template.clinical.recordTitleRegistration,Registration & Status,التسجيل والحالة,पंजीकरण और स्थिति,രജിസ്ട്രേഷനും നിലയും,,Pending native review,
template.clinical.recorded,Recorded,مسجل,दर्ज किया गया,രേഖപ്പെടുത്തി,,Pending native review,
template.clinical.referral,Referral,الإحالة,रेफ़रल,റഫറൽ,,Pending native review,
template.clinical.referralDetails,Referral details,تفاصيل الإحالة,रेफ़रल विवरण,റഫറൽ വിവരങ്ങൾ,,Pending native review,
template.clinical.refresh,Refresh,تحديث,ताज़ा करें,പുതുക്കുക,,Pending native review,
template.clinical.refreshed,Refreshed at {time},تم التحديث في {time},{time} पर अपडेट किया गया,{time}-ന് പുതുക്കി,,Pending native review,
template.clinical.refusalReason,Refusal reason,سبب الرفض,अस्वीकृति का कारण,നിരസിക്കാനുള്ള കാരണം,,Pending native review,
template.clinical.registered,Registered,مسجل,पंजीकृत,രജിസ്റ്റർ ചെയ്തത്,,Pending native review,
template.clinical.registeredAt,Registration date,تاريخ التسجيل,पंजीकरण की तारीख,രജിസ്ട്രേഷൻ തീയതി,,Pending native review,
template.clinical.registration,Registration,التسجيل,पंजीकरण,രജിസ്ട്രേഷൻ,,Pending native review,
template.clinical.registrationAutomatic,"System-managed. Registration date, MRN and encounter details are captured automatically when the patient is registered and begins care.",يديرها النظام. تُسجل بيانات التسجيل ورقم السجل الطبي والزيارة تلقائيًا عند تسجيل المريض وبدء الرعاية.,"सिस्टम द्वारा प्रबंधित। रोगी का पंजीकरण और देखभाल शुरू होने पर पंजीकरण तिथि, MRN और मुलाकात विवरण अपने आप दर्ज होते हैं।","സിസ്റ്റം നിയന്ത്രിക്കുന്നു. രോഗിയെ രജിസ്റ്റർ ചെയ്ത് പരിചരണം ആരംഭിക്കുമ്പോൾ രജിസ്ട്രേഷൻ തീയതി, MRN, സന്ദർശന വിവരങ്ങൾ സ്വയം രേഖപ്പെടുത്തും.",,Pending native review,
template.clinical.registrationSource,Registration source,مصدر التسجيل,पंजीकरण का स्रोत,രജിസ്ട്രേഷന്റെ ഉറവിടം,,Pending native review,
template.clinical.related,Related,الأشخاص المرتبطون,संबंधित व्यक्ति,ബന്ധപ്പെട്ട വ്യക്തികൾ,,Pending native review,
template.clinical.relationship,Relationship,العلاقة,संबंध,ബന്ധം,,Pending native review,
template.clinical.religion,Religion,الديانة,धर्म,മതം,,Pending native review,
template.clinical.research,Research Participation,المشاركة في البحث,अनुसंधान में भागीदारी,ഗവേഷണ പങ്കാളിത്തം,,Pending native review,
template.clinical.resultCount,{count} patients found,تم العثور على {count} مرضى,{count} रोगी मिले,{count} രോഗികളെ കണ്ടെത്തി,,Pending native review,
template.clinical.results,Results,النتائج,परिणाम,ഫലങ്ങൾ,,Pending native review,
template.clinical.reviewHelp,Review all sections and related rows before confirming. The demo API saves the complete record atomically.,راجع جميع الأقسام والصفوف المرتبطة قبل التأكيد. تحفظ الواجهة التجريبية السجل كاملاً في عملية واحدة.,पुष्टि से पहले सभी अनुभाग और संबंधित पंक्तियाँ जाँचें। डेमो API पूरा रिकॉर्ड एक ही लेनदेन में सहेजती है।,സ്ഥിരീകരിക്കുന്നതിന് മുമ്പ് എല്ലാ വിഭാഗങ്ങളും ബന്ധപ്പെട്ട വരികളും പരിശോധിക്കുക. ഡെമോ API മുഴുവൻ രേഖയും ഒറ്റ ഇടപാടിൽ സംരക്ഷിക്കുന്നു.,,Pending native review,
template.clinical.reviewSave,Review and save,مراجعة وحفظ,समीक्षा और सहेजें,പരിശോധിച്ച് സംരക്ഷിക്കുക,,Pending native review,
template.clinical.revocationReason,Revocation reason,سبب سحب الموافقة,सहमति वापस लेने का कारण,സമ്മതം പിൻവലിച്ചതിന്റെ കാരണം,,Pending native review,
template.clinical.revoked,Revoked,مسحوب,वापस लिया गया,പിൻവലിച്ചു,,Pending native review,
template.clinical.revokedAt,Revoked at,تاريخ السحب,वापस लेने की तारीख,പിൻവലിച്ച തീയതി,,Pending native review,
template.clinical.revokedBy,Revoked by,ألغاه,रद्द करने वाला,പിൻവലിച്ചയാൾ,,Pending native review,
template.clinical.salutation,Salutation,اللقب,संबोधन,അഭിസംബോധന,,Pending native review,
template.clinical.sampleOnly,Fictional demonstration data only,بيانات عرض وهمية فقط,केवल काल्पनिक डेमो डेटा,സാങ്കൽപ്പിക ഡെമോ വിവരങ്ങൾ മാത്രം,,Pending native review,
template.clinical.saveChanges,Save changes,حفظ التغييرات,बदलाव सहेजें,മാറ്റങ്ങൾ സേവ് ചെയ്യുക,,Pending native review,
template.clinical.saveFailed,The patient save could not be confirmed. Retry to recover the result.,تعذر تأكيد حفظ المريض. أعد المحاولة لاستعادة النتيجة.,रोगी सहेजने की पुष्टि नहीं हुई। परिणाम पाने के लिए पुनः प्रयास करें।,രോഗിയുടെ രേഖ സംരക്ഷിച്ചതായി സ്ഥിരീകരിക്കാനായില്ല. ഫലം ലഭിക്കാൻ വീണ്ടും ശ്രമിക്കുക.,,Pending native review,
template.clinical.saveSearch,Save search,حفظ البحث,खोज सहेजें,തിരയൽ സംരക്ഷിക്കുക,,Pending native review,
template.clinical.saved,Patient record saved.,تم حفظ سجل المريض.,रोगी रिकॉर्ड सहेजा गया।,രോഗിയുടെ രേഖ സംരക്ഷിച്ചു.,,Pending native review,
template.clinical.savedSearches,Saved searches,عمليات البحث المحفوظة,सहेजी गई खोजें,സംരക്ഷിച്ച തിരയലുകൾ,,Pending native review,
template.clinical.scheduled,Scheduled,مجدول,निर्धारित,സമയക്രമം നിശ്ചയിച്ചു,,Pending native review,
template.clinical.scope,Scope,النطاق,दायरा,പരിധി,,Pending native review,
template.clinical.search,Search,بحث,खोजें,തിരയുക,,Pending native review,
template.clinical.searchName,Search name,اسم البحث,खोज का नाम,തിരയലിന്റെ പേര്,,Pending native review,
template.clinical.secondary,Secondary,ثانوي,द्वितीयक,ദ്വിതീയം,,Pending native review,
template.clinical.sectionHelp.address,Address and emergency contact,العنوان وجهة اتصال الطوارئ,पता और आपातकालीन संपर्क,വിലാസവും അടിയന്തര ബന്ധപ്പെടലും,,Pending native review,
template.clinical.sectionHelp.clinical,Blood group and clinical flags,فصيلة الدم والعلامات السريرية,रक्त समूह और नैदानिक संकेत,രക്തഗ്രൂപ്പും ക്ലിനിക്കൽ സൂചനകളും,,Pending native review,
template.clinical.sectionHelp.consent,Privacy and consent,الخصوصية والموافقة,गोपनीयता और सहमति,സ്വകാര്യതയും സമ്മതവും,,Pending native review,
template.clinical.sectionHelp.contact,Phone and email,الهاتف والبريد الإلكتروني,फ़ोन और ईमेल,ഫോണും ഇമെയിലും,,Pending native review,
template.clinical.sectionHelp.identity,Identity documents,وثائق الهوية,पहचान दस्तावेज़,തിരിച്ചറിയൽ രേഖകൾ,,Pending native review,
template.clinical.sectionHelp.insurance,Insurance coverage,التغطية التأمينية,बीमा कवरेज,ഇൻഷുറൻസ് പരിരക്ഷ,,Pending native review,
template.clinical.sectionHelp.mrn,Identifier,المعرّف,पहचान संख्या,തിരിച്ചറിയൽ നമ്പർ,,Pending native review,
template.clinical.sectionHelp.personal,Name and demographics,الاسم والبيانات الديموغرافية,नाम और जनसांख्यिकीय विवरण,പേരും വ്യക്തിവിവരങ്ങളും,,Pending native review,
template.clinical.sectionHelp.registration,Registration details,تفاصيل التسجيل,पंजीकरण विवरण,രജിസ്ട്രേഷൻ വിവരങ്ങൾ,,Pending native review,
template.clinical.sectionNumber,SEC {number},القسم {number},अनुभाग {number},വിഭാഗം {number},,Pending native review,
template.clinical.sections,Sections,الأقسام,अनुभाग,വിഭാഗങ്ങൾ,,Pending native review,
template.clinical.select,Select,اختيار,चुनें,തിരഞ്ഞെടുക്കുക,,Pending native review,
template.clinical.selectPatient,Select patient,اختيار مريض,रोगी चुनें,രോഗിയെ തിരഞ്ഞെടുക്കുക,,Pending native review,
template.clinical.self,Self,ذاتي,स्वयं,സ്വയം,,Pending native review,
template.clinical.single,Single,أعزب,अविवाहित,അവിവാഹിതർ,,Pending native review,
template.clinical.slotConflict,This provider already has an appointment at that time.,لدى مقدم الرعاية موعد آخر في هذا الوقت.,इस प्रदाता का उस समय पहले से अपॉइंटमेंट है।,ഈ പരിചരണ ദാതാവിന് ആ സമയത്ത് മറ്റൊരു അപ്പോയിന്റ്മെന്റ് ഉണ്ട്.,,Pending native review,
template.clinical.sort,Sort,ترتيب,क्रमबद्ध करें,ക്രമീകരിക്കുക,,Pending native review,
template.clinical.source,Source,المصدر,स्रोत,ഉറവിടം,,Pending native review,
template.clinical.specialNeeds,Special needs,احتياجات خاصة,विशेष आवश्यकताएँ,പ്രത്യേക ആവശ്യങ്ങൾ,,Pending native review,
template.clinical.specialStatus,Special status flags,مؤشرات الحالة الخاصة,विशेष स्थिति संकेत,പ്രത്യേക നില സൂചനകൾ,,Pending native review,
template.clinical.state,State,الولاية,राज्य,സംസ്ഥാനം,,Pending native review,
template.clinical.status,Status,الحالة,स्थिति,നില,,Pending native review,
template.clinical.summary,Summary,ملخص,सारांश,സംഗ്രഹം,,Pending native review,
template.clinical.table,Table,جدول,तालिका,പട്ടിക,,Pending native review,
template.clinical.telehealth,Tele-health,الرعاية الصحية عن بُعد,टेलीहेल्थ,ടെലിഹെൽത്ത്,,Pending native review,
template.clinical.telephoneNumbers,Telephone numbers,أرقام الهاتف,टेलीफ़ोन नंबर,ടെലിഫോൺ നമ്പറുകൾ,,Pending native review,
template.clinical.temporary,Temporary,مؤقت,अस्थायी,താൽക്കാലികം,,Pending native review,
template.clinical.tertiary,Tertiary,ثالثي,तृतीय,മൂന്നാമത്തേത്,,Pending native review,
template.clinical.time,Time,الوقت,समय,സമയം,,Pending native review,
template.clinical.title,Title,اللقب,संबोधन,വിശേഷണം,,Pending native review,
template.clinical.tl,Tagalog,التاغالوغية,तागालोग,ടഗാലോഗ്,,Pending native review,
template.clinical.tooLong,This value is too long.,هذه القيمة طويلة جداً.,यह मान बहुत लंबा है।,ഈ മൂല്യം വളരെ നീളമുള്ളതാണ്.,,Pending native review,
template.clinical.treatment,Treatment,العلاج,उपचार,ചികിത്സ,,Pending native review,
template.clinical.uae,United Arab Emirates,الإمارات العربية المتحدة,संयुक्त अरब अमीरात,യുണൈറ്റഡ് അറബ് എമിറേറ്റ്സ്,,Pending native review,
template.clinical.uhid,UHID,المعرّف الصحي الموحد,एकीकृत स्वास्थ्य पहचान,ഏകീകൃത ആരോഗ്യ ഐഡി,,Pending native review,
template.clinical.uk,United Kingdom,المملكة المتحدة,यूनाइटेड किंगडम,യുണൈറ്റഡ് കിങ്ഡം,,Pending native review,
template.clinical.unknown,Unknown,غير معروف,अज्ञात,അജ്ഞാതം,,Pending native review,
template.clinical.unsaved,Unsaved,غير محفوظ,सहेजा नहीं गया,സംരക്ഷിച്ചിട്ടില്ല,,Pending native review,
template.clinical.updated,Updated,تم التحديث,अद्यतन,പുതുക്കി,,Pending native review,
template.clinical.upload,Upload,رفع,अपलोड,അപ്‌ലോഡ്,,Pending native review,
template.clinical.ur,Urdu,الأردية,उर्दू,ഉർദു,,Pending native review,
template.clinical.validUntil,Valid until,صالح حتى,मान्य होने की अंतिम तारीख,സാധുത അവസാനിക്കുന്ന തീയതി,,Pending native review,
template.clinical.value,Value,القيمة,मान,മൂല്യം,,Pending native review,
template.clinical.verbal,Verbal,شفهي,मौखिक,വാക്കാലുള്ളത്,,Pending native review,
template.clinical.verified,Verified,تم التحقق,सत्यापित,സ്ഥിരീകരിച്ചു,,Pending native review,
template.clinical.view,View,عرض,देखें,കാണുക,,Pending native review,
template.clinical.viewAll,View all ({count}),عرض الكل ({count}),सभी देखें ({count}),എല്ലാം കാണുക ({count}),,Pending native review,
template.clinical.vulnerable,Vulnerable patient,مريض يحتاج إلى حماية إضافية,अतिरिक्त सुरक्षा की आवश्यकता वाला रोगी,അധിക സംരക്ഷണം ആവശ്യമായ രോഗി,,Pending native review,
template.clinical.work,Work,العمل,कार्यस्थल,ജോലിസ്ഥലം,,Pending native review,
template.clinical.written,Written,كتابي,लिखित,എഴുത്തിലുള്ളത്,,Pending native review,
template.clinical.years,Years,سنوات,वर्ष,വർഷം,,Pending native review,
template.clinical.yes,Yes,نعم,हाँ,അതെ,,Pending native review,
